{
  "crnn": {
    "hex": [
      0.965,
      0.945,
      0.3875,
      0.955,
      0.95
    ],
    "decimal": [
      0.965,
      0.945,
      0.3875,
      0.955,
      0.95
    ],
    "char": [
      0.9904166666666668,
      0.9835416666666669,
      0.7772083333333337,
      0.9841666666666667,
      0.9836250000000001
    ]
  },
  "fcn": {
    "hex": [
      0.87,
      0.0175,
      0.8825,
      0.0175,
      0.015
    ],
    "decimal": [
      0.87,
      0.0175,
      0.8825,
      0.0175,
      0.015
    ],
    "char": [
      0.9634583333333339,
      0.5399166666666667,
      0.9651250000000003,
      0.5085833333333333,
      0.5362499999999999
    ]
  },
  "convattn": {
    "hex": [
      0.945,
      0.9075,
      0.9575,
      0.965,
      0.9375
    ],
    "decimal": [
      0.945,
      0.9075,
      0.9575,
      0.965,
      0.9375
    ],
    "char": [
      0.9827916666666668,
      0.975416666666667,
      0.9856666666666668,
      0.9911249999999999,
      0.9811666666666669
    ]
  }
}